id;name;unit;old_category;new_category;level;money_60d;merge_into
72;Кинза;пучок;зелень;зелень;мелочь;1390;
70;Укроп;пучок;зелень;зелень;мелочь;1270;
71;Петрушка;пучок;зелень;зелень;мелочь;500;
239;Зелень;пучок;зелень;зелень;мелочь;0;
232;Мелисса сушеная;кг;зелень;зелень;мелочь;0;
231;Мята свежая;кг;зелень;зелень;мелочь;0;
280;букварь;шт;;канцелярия;мелочь;5400;
290;цвет карандаш;шт;;канцелярия;мелочь;4600;
299;пластилин;шт;;канцелярия;мелочь;3240;
286;карандаш;шт;;канцелярия;мелочь;2790;
281;ручка;шт;;канцелярия;мелочь;2700;
284;батман;шт;;канцелярия;мелочь;2200;
233;краска для принтера;шт;;канцелярия;мелочь;1948;
288;ластик;шт;;канцелярия;мелочь;1620;
287;Линейка;шт;;канцелярия;мелочь;1545;
264;наклейки для садика;шт;;канцелярия;мелочь;1500;
291;цв.карандаш;шт;;канцелярия;мелочь;1320;290
285;точилка;шт;;канцелярия;мелочь;1296;
300;мел белый;шт;;канцелярия;мелочь;1200;
307;магнит;шт;;канцелярия;мелочь;1000;
293;пва;шт;;канцелярия;мелочь;1000;
261;ароматизатор;шт;;канцелярия;мелочь;720;
324;журнал;шт;;канцелярия;мелочь;720;
294;шар бел;шт;;канцелярия;мелочь;720;278
340;пресс нити;уп;;канцелярия;мелочь;500;
277;флажок;шт;;канцелярия;мелочь;500;
305;калькулятор;шт;;канцелярия;мелочь;480;
297;махер;шт;;канцелярия;мелочь;470;
301;мел цвет;шт;;канцелярия;мелочь;450;
298;гуаш;шт;;канцелярия;мелочь;400;
289;циркуль;шт;;канцелярия;мелочь;300;
278;шар;шт;;канцелярия;мелочь;300;
245;тетрадь общий;шт;;канцелярия;мелочь;220;
283;тачилка;уп;;канцелярия;мелочь;200;285
312;тетрадь;шт;;канцелярия;мелочь;200;
268;нить;шт;;канцелярия;мелочь;180;
302;маркер;шт;;канцелярия;мелочь;135;
296;альбом;шт;;канцелярия;мелочь;100;
279;шар гелев;шт;;канцелярия;мелочь;100;278
295;кундолук;шт;;канцелярия;мелочь;80;
282;ручка максер;уп;;канцелярия;мелочь;70;
309;красная руч;шт;;канцелярия;мелочь;45;
292;руч.карандаш;шт;;канцелярия;мелочь;45;
306;ножницы;шт;;канцелярия;мелочь;35;
303;кнопка;шт;;канцелярия;мелочь;25;
272;Турецский;шт;;моющее и инвентарь;мелочь;7600;
184;Веник;шт;бытовая химия;моющее и инвентарь;мелочь;5700;
273;коврик;шт;;моющее и инвентарь;мелочь;2400;
256;водомосьемка;шт;;моющее и инвентарь;мелочь;1950;
156;Губка;шт;бытовая химия;моющее и инвентарь;мелочь;1744;
255;удлинитель;шт;;моющее и инвентарь;мелочь;1100;
321;ковш;шт;;моющее и инвентарь;мелочь;660;
271;венчик;шт;;моющее и инвентарь;мелочь;630;
317;дуршлаг;шт;;моющее и инвентарь;мелочь;550;
186;Тряпки;шт;бытовая химия;моющее и инвентарь;мелочь;525;
263;мусор пакет;шт;;моющее и инвентарь;мелочь;520;
262;тряпка;шт;;моющее и инвентарь;мелочь;510;186
323;друшлаг;шт;;моющее и инвентарь;мелочь;450;317
274;пол тряпка;шт;;моющее и инвентарь;мелочь;450;186
260;моющее средство;шт;;моющее и инвентарь;мелочь;430;
275;авто   тряпка;шт;;моющее и инвентарь;мелочь;420;186
320;поварешка;шт;;моющее и инвентарь;мелочь;350;
314;чайник;шт;;моющее и инвентарь;мелочь;350;
266;мыло туалетная;уп;;моющее и инвентарь;мелочь;240;
243;мыломойка;л;;моющее и инвентарь;мелочь;200;
322;нож;шт;;моющее и инвентарь;мелочь;200;
315;экономка;шт;;моющее и инвентарь;мелочь;200;
252;азелит;шт;;моющее и инвентарь;мелочь;195;
318;автом венчик;шт;;моющее и инвентарь;мелочь;150;271
319;балтушка;шт;;моющее и инвентарь;мелочь;150;
304;стиралка;шт;;моющее и инвентарь;мелочь;150;
259;мешок;шт;;моющее и инвентарь;мелочь;100;
265;мыло жидкое;шт;;моющее и инвентарь;мелочь;80;
257;спичка;уп;;моющее и инвентарь;мелочь;50;
188;Батарейки;уп;инвентарь;моющее и инвентарь;мелочь;0;
159;Белизна;шт;бытовая химия;моющее и инвентарь;мелочь;0;
189;Вилки;уп;инвентарь;моющее и инвентарь;мелочь;0;
160;Ёршик;шт;бытовая химия;моющее и инвентарь;мелочь;0;
166;Лабиринт;шт;игрушки;моющее и инвентарь;мелочь;0;
195;Мочалка для посуды;шт;бытовая химия;моющее и инвентарь;мелочь;0;
164;Неваляшка;шт;игрушки;моющее и инвентарь;мелочь;0;
157;Перчатки;пар;бытовая химия;моющее и инвентарь;мелочь;0;
165;Пирамида;шт;игрушки;моющее и инвентарь;мелочь;0;
162;Пони;шт;игрушки;моющее и инвентарь;мелочь;0;
185;Салфетки;уп;бытовая химия;моющее и инвентарь;мелочь;0;
163;Самолёт;шт;игрушки;моющее и инвентарь;мелочь;0;
187;Средство для мытья посуды;шт;бытовая химия;моющее и инвентарь;мелочь;0;
161;Стиральный порошок;шт;бытовая химия;моющее и инвентарь;мелочь;0;
191;Туалетная бумага;шт;бытовая химия;моющее и инвентарь;мелочь;0;
158;Щётка;шт;бытовая химия;моющее и инвентарь;мелочь;0;
133;Клей;шт;стройматериалы;ремонт;мелочь;2240;
147;Скотч;шт;стройматериалы;ремонт;мелочь;1306;
179;Ламинат;шт;стройматериалы;ремонт;мелочь;940;
313;доска дер;шт;;ремонт;мелочь;900;
178;Кисть;шт;стройматериалы;ремонт;мелочь;610;
276;железка;шт;;ремонт;мелочь;480;
308;темир;шт;;ремонт;мелочь;360;
190;Изолента;шт;стройматериалы;ремонт;мелочь;320;
244;увайт спирт;шт;;ремонт;мелочь;300;
143;OSB;шт;стройматериалы;ремонт;мелочь;0;
183;Автомат;шт;стройматериалы;ремонт;мелочь;0;
136;Валик;шт;стройматериалы;ремонт;мелочь;0;
140;Гофра;шт;стройматериалы;ремонт;мелочь;0;
180;Диск;шт;стройматериалы;ремонт;мелочь;0;
138;Доска;шт;стройматериалы;ремонт;мелочь;0;
177;Дюбель;шт;стройматериалы;ремонт;мелочь;0;
141;Жидкий гвоздь;шт;стройматериалы;ремонт;мелочь;0;
142;Кабель;м;стройматериалы;ремонт;мелочь;0;
182;Клеевой пистолет;шт;стройматериалы;ремонт;мелочь;0;
152;Колено;шт;стройматериалы;ремонт;мелочь;0;
150;Кран;шт;стройматериалы;ремонт;мелочь;0;
137;Краска;шт;стройматериалы;ремонт;мелочь;0;
154;Молоток;шт;стройматериалы;ремонт;мелочь;0;
151;Муфта;шт;стройматериалы;ремонт;мелочь;0;
155;Отвертка;шт;стройматериалы;ремонт;мелочь;0;
144;Пена монтажная;шт;стройматериалы;ремонт;мелочь;0;
139;Плинтус;шт;стройматериалы;ремонт;мелочь;0;
153;Профиль;шт;стройматериалы;ремонт;мелочь;0;
181;Растворитель;шт;стройматериалы;ремонт;мелочь;0;
148;Розетка;шт;стройматериалы;ремонт;мелочь;0;
134;Саморез;шт;стройматериалы;ремонт;мелочь;0;
149;Сифон;шт;стройматериалы;ремонт;мелочь;0;
145;Труба;шт;стройматериалы;ремонт;мелочь;0;
135;Уголок;шт;стройматериалы;ремонт;мелочь;0;
146;Урса;шт;стройматериалы;ремонт;мелочь;0;
128;Перец чёрный;г;специи;специи;мелочь;1200;
88;Томатная паста;кг;специи;специи;мелочь;784;
22;Сода пищевая;уп;специи;специи;мелочь;400;
175;Паприка;уп;специи;специи;мелочь;350;
247;черный перец;шт;специи;специи;мелочь;180;128
254;перец молотый;шт;специи;специи;мелочь;100;128
20;Разрыхлитель;уп;специи;специи;мелочь;100;
131;Береке;уп;специи;специи;мелочь;0;
171;Дрожжи;г;специи;специи;мелочь;0;
332;Кинза сушёная;г;специи;специи;мелочь;0;
130;Корица;уп;специи;специи;мелочь;0;
330;Кунжут белый;г;специи;специи;мелочь;0;
331;Лавровый лист;г;специи;специи;мелочь;0;
102;Майонез;уп;специи;специи;мелочь;0;
329;Мак;г;специи;специи;мелочь;0;
129;Уксус;бут;специи;специи;мелочь;0;
132;Хлеб;шт;хлеб;хлеб и выпечка;мелочь;20931;
270;пончик;шт;прочее (еда);хлеб и выпечка;мелочь;1800;
269;кекс;шт;прочее (еда);хлеб и выпечка;мелочь;960;
316;тер кекс;шт;прочее (еда);хлеб и выпечка;мелочь;800;
174;Лепёшка;шт;хлеб;хлеб и выпечка;мелочь;0;
229;Хлебцы готовые;кг;хлеб;хлеб и выпечка;мелочь;0;
333;маргарин;кг;;бакалея и масла;склад;7800;
199;Масло сливочное;кг;масла;бакалея и масла;склад;4213;
17;Соль;уп;бакалея;бакалея и масла;склад;4033;
334;сливоч масло;кг;;бакалея и масла;склад;1400;
249;жир;кг;масла;бакалея и масла;склад;848;
226;Крахмал картофельный;кг;бакалея;бакалея и масла;склад;0;
127;Масло растительное;л;масла;бакалея и масла;склад;0;
200;Мука пшеничная;кг;бакалея;бакалея и масла;склад;0;
201;Мука пшеничная в/с;кг;бакалея;бакалея и масла;склад;0;
202;Мука пшеничная цельнозерновая;кг;бакалея;бакалея и масла;склад;0;
236;Сахарная пудра;кг;бакалея;бакалея и масла;склад;0;
198;Сахар-песок;кг;бакалея;бакалея и масла;склад;0;
5;Гречка;кг;крупы;крупы и макароны;склад;4049;
235;Вермишель;кг;крупы;крупы и макароны;склад;3500;
125;Рис;кг;крупы;крупы и макароны;склад;2250;
335;рис байдала;кг;;крупы и макароны;склад;1800;125
169;Манка;кг;крупы;крупы и макароны;склад;1500;
337;маш;кг;;крупы и макароны;склад;900;
336;овсяная;кг;;крупы и макароны;склад;550;8
6;Пшено;кг;крупы;крупы и макароны;склад;550;
8;Геркулес;кг;крупы;крупы и макароны;склад;0;
126;Горох;кг;крупы;крупы и макароны;склад;0;
224;Крупа булгур;кг;крупы;крупы и макароны;склад;0;
225;Крупа пшеничная;кг;крупы;крупы и макароны;склад;0;
223;Крупа ячневая;кг;крупы;крупы и макароны;склад;0;
13;Макароны;кг;крупы;крупы и макароны;склад;0;
9;Перловка;кг;крупы;крупы и макароны;склад;0;
11;Фасоль;кг;крупы;крупы и макароны;склад;0;
170;Чечевица;кг;крупы;крупы и макароны;склад;0;
124;Яйцо;шт;молочные;молочное и яйца;склад;14237;
122;Молоко;л;молочные;молочное и яйца;склад;13450;
123;Кефир;л;молочные;молочное и яйца;склад;8765;
205;Сливки пастеризованные;л;молочные;молочное и яйца;склад;2880;
203;Сметана;кг;молочные;молочное и яйца;склад;600;
206;Йогурт без добавок;л;молочные;молочное и яйца;склад;0;
167;Сыр;кг;молочные;молочное и яйца;склад;0;
204;Творог;кг;молочные;молочное и яйца;склад;0;
120;Фарш куриный;кг;мясо;мясо и рыба;склад;41600;
338;мясо филе;кг;;мясо и рыба;склад;18989;
248;мясо;кг;мясо;мясо и рыба;склад;16674;
121;Филе куриное;кг;мясо;мясо и рыба;склад;8760;
210;Курица;кг;мясо;мясо и рыба;склад;8735;
234;кость;кг;мясо;мясо и рыба;склад;920;
339;кости;кг;;мясо и рыба;склад;532;234
112;Бедро куриное;кг;мясо;мясо и рыба;склад;0;
207;Говядина котлетная;кг;мясо;мясо и рыба;склад;0;
113;Голень куриная;кг;мясо;мясо и рыба;склад;0;
114;Желудки куриные;кг;мясо;мясо и рыба;склад;0;
115;Крылья куриные;кг;мясо;мясо и рыба;склад;0;
116;Окорочок куриный;кг;мясо;мясо и рыба;склад;0;
117;Печень куриная;кг;мясо;мясо и рыба;склад;0;
118;Сердце куриное;кг;мясо;мясо и рыба;склад;0;
119;Тушка куриная;кг;мясо;мясо и рыба;склад;0;
208;Филе индейки;кг;мясо;мясо и рыба;склад;0;
209;Филе рыбы;кг;мясо;мясо и рыба;склад;0;
246;белая река;шт;напитки;напитки и вода;склад;2320;
325;чай;уп;напитки;напитки и вода;склад;1200;193
194;Какао;шт;напитки;напитки и вода;склад;0;
176;Напиток газированный;шт;напитки;напитки и вода;склад;0;
230;Цикорий растворимый;кг;напитки;напитки и вода;склад;0;
193;Чай чёрный;кг;напитки;напитки и вода;склад;0;
57;Картофель;кг;овощи;овощи и фрукты;склад;18877;
58;Морковь;кг;овощи;овощи и фрукты;склад;11564;
111;Лук;кг;овощи;овощи и фрукты;склад;4583;
197;лимон;кг;фрукты;овощи и фрукты;склад;3689;
217;Смесь сухофруктов;кг;фрукты;овощи и фрукты;склад;2750;
110;Капуста;кг;овощи;овощи и фрукты;склад;2172;
326;лук реп;кг;овощи;овощи и фрукты;склад;1814;111
221;Огурцы свежие;кг;овощи;овощи и фрукты;склад;1410;
64;Чеснок;кг;овощи;овощи и фрукты;склад;1400;
61;Свекла;кг;овощи;овощи и фрукты;склад;750;
68;Тыква;кг;овощи;овощи и фрукты;склад;740;
59;Лук репчатый;кг;овощи;овощи и фрукты;склад;420;111
60;Капуста белокочанная;кг;овощи;овощи и фрукты;склад;392;110
327;лук репч;кг;овощи;овощи и фрукты;склад;350;111
258;чесок;кг;овощи;овощи и фрукты;склад;240;64
253;огурец;кг;овощи;овощи и фрукты;склад;210;221
213;Банан свежий;кг;фрукты;овощи и фрукты;склад;0;
220;Брокколи;кг;овощи;овощи и фрукты;склад;0;
168;Горошек;уп;овощи;овощи и фрукты;склад;0;
212;Груша свежая;кг;фрукты;овощи и фрукты;склад;0;
216;Изюм;кг;фрукты;овощи и фрукты;склад;0;
222;Кабачок свежий;кг;овощи;овощи и фрукты;склад;0;
215;Курага;кг;фрукты;овощи и фрукты;склад;0;
108;Огурцы солёные;кг;овощи;овощи и фрукты;склад;0;
65;Перец болгарский;кг;овощи;овощи и фрукты;склад;0;
218;Плоды шиповника;кг;фрукты;овощи и фрукты;склад;0;
62;Помидоры;кг;овощи;овощи и фрукты;склад;0;
109;Редька;кг;овощи;овощи и фрукты;склад;0;
214;Слива свежая;кг;фрукты;овощи и фрукты;склад;0;
172;Хурма;кг;фрукты;овощи и фрукты;склад;0;
76;Яблоки;кг;фрукты;овощи и фрукты;склад;0;
211;Ягоды замороженные;кг;фрукты;овощи и фрукты;склад;0;
240;Джем;кг;прочее (еда);сладости и прочее (еда);склад;0;
227;Джем абрикосовый;кг;прочее (еда);сладости и прочее (еда);склад;0;
241;Овсяное печенье;кг;прочее (еда);сладости и прочее (еда);склад;0;
242;Песочное печенье;кг;прочее (еда);сладости и прочее (еда);склад;0;
228;Печенье галетное;кг;прочее (еда);сладости и прочее (еда);склад;0;
237;Повидло яблочное;кг;прочее (еда);сладости и прочее (еда);склад;0;
219;Сироп шиповника;л;прочее (еда);сладости и прочее (еда);склад;0;
192;Снек кукурузный;шт;прочее (еда);сладости и прочее (еда);склад;0;
196;Чин-чин;шт;прочее (еда);сладости и прочее (еда);склад;0;
173;Шоколад;шт;прочее (еда);сладости и прочее (еда);склад;0;
238;Ядро грецкого ореха;кг;прочее (еда);сладости и прочее (еда);склад;0;
328;такси;кг;;не товар;—;200;
267;корм;кг;;не товар;—;150;
251;кляч дубликат;шт;;не товар;—;100;
250;лекарства от кокон;шт;;не товар;—;100;
